timestamp,tavg,tmin,tmax,prcp,snow,wdir,wspd,wpgt,pres,tsun
2018-12-31,6.5,0.0,17.0,0.0,,332.0,3.3,33.3,1028.7,
2019-01-01,7.0,1.0,15.0,0.0,,8.0,4.8,33.3,1029.1,
2019-01-02,6.1,2.0,13.0,0.0,,1.0,6.1,37.0,1026.2,
2019-01-03,4.2,-1.0,13.0,0.0,,348.0,4.4,35.2,1028.9,
2019-01-04,4.0,-2.0,12.0,0.0,,14.0,5.7,33.3,1030.6,
2019-01-05,6.0,0.0,14.0,0.0,,358.0,6.1,31.5,1029.0,
2019-01-06,8.0,1.0,16.0,0.0,,355.0,7.7,37.0,1025.7,
2019-01-07,5.5,0.0,13.0,0.0,,356.0,5.4,35.2,1028.3,
2019-01-08,5.7,1.0,12.0,0.0,,356.0,9.0,33.3,1026.5,
2019-01-09,7.3,1.0,15.0,0.0,,12.0,5.1,29.6,1016.2,
2019-01-10,5.4,1.0,12.0,0.0,,300.0,10.1,29.6,1017.4,
2019-01-11,2.3,-3.0,9.0,0.0,,0.0,6.3,33.3,1023.6,
2019-01-12,4.1,-2.0,11.0,0.0,,4.0,9.7,33.3,1026.7,
2019-01-13,6.8,1.0,14.0,0.0,,358.0,8.9,31.5,1023.1,
2019-01-14,10.3,5.0,16.0,0.0,,3.0,9.8,31.5,1018.2,
2019-01-15,7.0,1.0,15.0,0.0,,342.0,3.6,33.3,1021.2,
2019-01-16,7.0,2.0,14.0,0.0,,323.0,4.1,31.5,1018.4,
2019-01-17,8.7,5.0,13.0,12.0,,1.0,3.7,31.5,1016.6,
2019-01-18,6.3,4.0,9.0,0.0,,356.0,7.5,31.5,1017.7,
2019-01-19,5.5,0.0,12.0,7.1,,343.0,4.1,31.5,1014.7,
2019-01-20,6.7,4.0,10.0,13.2,,14.0,3.6,40.8,1010.6,
2019-01-21,5.3,0.0,12.0,0.0,,349.0,5.0,31.5,1016.3,
2019-01-22,4.2,-1.0,10.0,0.0,,351.0,8.8,31.5,1012.2,
2019-01-23,6.7,3.0,12.0,0.0,,280.0,14.6,31.5,999.7,
2019-01-24,7.4,2.0,13.0,0.0,,346.0,17.6,44.5,1003.7,
2019-01-25,5.5,-1.0,16.0,0.0,,21.0,4.8,31.5,1011.6,
2019-01-26,8.0,1.0,16.0,0.0,,305.0,8.6,29.6,1016.1,
2019-01-27,8.3,3.0,15.0,0.0,,351.0,11.9,42.6,1008.0,
2019-01-28,7.5,2.0,14.0,0.0,,273.0,14.9,48.2,1008.1,
2019-01-29,6.1,2.0,9.0,0.0,,343.0,7.0,27.8,1009.5,
2019-01-30,8.5,5.0,13.0,0.0,,272.0,20.0,40.8,1006.6,
2019-01-31,10.6,7.0,15.0,0.3,,257.0,15.4,37.0,999.2,
2019-02-01,12.5,8.0,15.0,0.1,,252.0,14.5,42.6,991.1,
2019-02-02,8.3,6.0,12.0,0.0,,281.0,13.4,35.2,997.3,
2019-02-03,7.4,2.0,13.0,0.0,,296.0,12.6,35.2,1014.2,
2019-02-04,5.8,-2.0,13.0,0.0,,347.0,6.2,35.2,1025.2,
2019-02-05,9.4,5.0,17.0,0.0,,331.0,4.5,27.8,1026.0,
2019-02-06,9.2,3.0,18.0,0.0,,321.0,5.4,27.8,1024.3,
2019-02-07,9.0,4.0,15.0,0.0,,20.0,4.3,25.9,1021.7,
2019-02-08,9.9,4.0,17.0,0.0,,306.0,7.0,35.2,1022.1,
2019-02-09,10.1,4.0,18.0,0.0,,352.0,5.3,27.8,1021.5,
2019-02-10,12.4,6.0,18.0,0.0,,244.0,16.3,51.8,1017.4,
2019-02-11,11.3,8.0,16.0,0.0,,346.0,6.4,25.9,1024.9,
2019-02-12,9.3,2.0,16.0,0.0,,322.0,6.7,31.5,1031.4,
2019-02-13,7.3,0.0,15.0,0.0,,345.0,4.8,33.3,1032.7,
2019-02-14,6.9,0.0,16.0,0.0,,332.0,6.4,27.8,1034.5,
2019-02-15,7.3,-1.0,18.0,0.0,,330.0,5.3,29.6,1031.0,
2019-02-16,7.2,-1.0,19.0,0.0,,18.0,6.7,27.8,1029.9,
2019-02-17,6.5,0.0,15.0,0.0,,342.0,7.4,29.6,1027.2,
2019-02-18,8.3,1.0,15.0,0.0,,40.0,5.8,29.6,1023.4,
2019-02-19,9.5,4.0,15.0,0.0,,42.0,6.7,29.6,1022.6,
2019-02-20,10.5,6.0,15.0,0.0,,341.0,3.2,27.8,1025.3,
2019-02-21,8.5,2.0,17.0,0.0,,317.0,5.6,33.3,1029.5,
2019-02-22,12.3,3.0,23.0,0.0,,309.0,5.4,27.8,1028.4,
2019-02-23,11.5,5.0,21.0,0.0,,10.0,5.9,25.9,1027.2,
2019-02-24,9.5,4.0,18.0,0.0,,33.0,8.0,25.9,1032.7,
2019-02-25,10.0,2.0,19.0,0.0,,318.0,5.6,25.9,1032.8,
2019-02-26,10.7,4.0,20.0,0.0,,10.0,7.0,27.8,1030.1,
2019-02-27,12.1,3.0,24.0,0.0,,276.0,5.6,35.2,1025.9,
2019-02-28,11.8,5.0,23.0,0.0,,11.0,6.7,25.9,1025.3,
2019-03-01,11.0,5.0,18.0,0.0,,335.0,6.5,27.8,1023.2,
2019-03-02,12.9,9.0,19.0,0.0,,357.0,6.7,27.8,1022.6,
2019-03-03,13.9,5.0,24.0,0.0,,284.0,7.6,38.9,1021.1,
2019-03-04,15.0,9.0,22.0,0.0,,210.0,13.8,37.0,1015.4,
2019-03-05,12.0,8.0,18.0,0.0,,105.0,6.5,24.1,1018.1,
2019-03-06,11.4,7.0,16.0,0.2,,275.0,5.9,25.9,1010.6,
2019-03-07,13.1,8.0,18.0,0.0,,267.0,12.7,42.6,1012.8,
2019-03-08,10.4,3.0,18.0,0.0,,38.0,8.7,27.8,1021.1,
2019-03-09,12.3,4.0,21.0,0.0,,316.0,8.0,31.5,1029.1,
2019-03-10,13.9,7.0,22.0,0.0,,31.0,7.4,27.8,1027.1,
2019-03-11,13.6,10.0,18.0,0.0,,280.0,8.1,33.3,1028.3,
2019-03-12,13.0,8.0,18.0,0.0,,286.0,7.5,42.6,1026.5,
2019-03-13,11.7,9.9,14.1,0.0,,0.0,14.8,38.9,1021.6,
2019-03-14,11.8,4.0,18.0,0.0,,300.0,11.4,31.5,1025.0,
2019-03-15,13.2,8.0,21.0,0.0,,359.0,9.3,29.6,1023.9,
2019-03-16,12.9,9.1,17.4,0.0,,286.0,17.1,35.2,1021.4,
2019-03-17,12.7,7.0,20.0,0.0,,255.0,8.5,27.8,1015.3,
2019-03-18,10.6,5.0,16.0,0.0,,13.0,8.2,27.8,1021.8,
2019-03-19,10.6,7.0,15.0,0.0,,327.0,5.5,25.9,1023.4,
2019-03-20,9.6,3.0,16.0,0.0,,37.0,7.6,31.5,1027.8,
2019-03-21,9.7,3.0,17.0,0.0,,35.0,8.3,33.3,1028.1,
2019-03-22,11.7,4.0,21.0,0.0,,29.0,8.0,31.5,1027.4,
2019-03-23,13.9,4.0,24.0,0.0,,309.0,6.3,29.6,1025.6,
2019-03-24,14.4,6.0,23.0,0.0,,339.0,8.3,25.9,1023.0,
2019-03-25,14.5,6.0,24.0,0.0,,344.0,8.6,40.8,1019.1,
2019-03-26,13.1,8.0,20.0,0.0,,249.0,11.6,35.2,1020.8,
2019-03-27,10.8,2.0,19.0,0.0,,347.0,8.9,27.8,1024.9,
2019-03-28,11.9,7.2,17.5,0.0,,28.0,13.0,27.8,1027.8,
2019-03-29,12.2,7.9,16.8,0.0,,53.0,14.4,25.9,1027.8,
2019-03-30,10.4,4.0,16.0,0.0,,57.0,7.8,25.9,1024.0,
2019-03-31,12.0,6.0,17.0,0.0,,49.0,9.0,42.6,1017.8,
2019-04-01,13.5,8.0,19.0,0.0,,87.0,9.0,37.0,1015.4,
2019-04-02,14.3,9.0,20.0,0.0,,263.0,7.3,37.0,1014.2,
2019-04-03,13.5,9.0,17.0,3.4,,206.0,7.0,29.6,1006.5,
2019-04-04,9.5,3.0,16.0,0.0,,57.0,10.4,33.3,1003.2,
2019-04-05,9.6,3.0,16.0,2.2,,297.0,9.3,38.9,1002.1,
2019-04-06,11.5,7.0,16.0,0.7,,278.0,12.5,53.7,1000.9,
2019-04-07,10.2,5.0,17.0,1.4,,6.0,7.5,29.6,1006.9,
2019-04-08,12.6,5.0,20.0,1.8,,293.0,7.3,40.8,1011.5,
2019-04-09,11.7,9.0,16.0,10.5,,44.0,7.6,29.6,1009.9,
2019-04-10,11.8,7.0,20.0,1.1,,336.0,6.5,27.8,1009.8,
2019-04-11,13.6,9.0,19.0,0.0,,25.0,7.8,29.6,1012.6,
2019-04-12,13.9,10.0,19.0,0.0,,230.0,12.1,29.6,1014.9,
2019-04-13,13.2,7.0,20.0,0.0,,287.0,8.2,29.6,1016.8,
2019-04-14,11.8,6.0,17.0,0.0,,182.0,9.3,33.3,1015.3,
2019-04-15,12.2,7.0,16.0,0.0,,79.0,7.8,27.8,1017.9,
2019-04-16,13.1,8.0,18.0,0.0,,58.0,7.6,24.1,1019.5,
2019-04-17,13.3,8.0,18.0,0.0,,130.0,8.7,22.2,1019.6,
2019-04-18,15.2,12.0,19.0,0.0,,45.0,12.8,64.8,1017.8,
2019-04-19,17.0,15.0,21.0,0.0,,55.0,20.2,75.9,1020.7,
2019-04-20,16.3,14.0,18.0,0.1,,51.0,16.1,64.8,1020.3,
2019-04-21,16.3,14.0,19.0,0.2,,46.0,16.2,64.8,1012.2,
2019-04-22,16.5,15.0,18.0,2.1,,54.0,15.2,53.7,1001.3,
2019-04-23,16.1,14.0,21.0,0.1,,234.0,7.1,33.3,998.4,
2019-04-24,15.4,13.0,18.1,0.0,,240.0,20.0,53.7,1006.9,
2019-04-25,15.4,12.0,18.0,0.4,,240.0,10.4,35.2,1011.2,
2019-04-26,15.8,10.0,22.0,0.0,,321.0,12.9,46.3,1019.0,
2019-04-27,14.0,7.0,20.0,0.0,,251.0,8.8,27.8,1024.8,
2019-04-28,12.6,8.0,17.0,0.0,,98.0,8.9,25.9,1023.3,
2019-04-29,15.5,13.0,20.0,0.3,,218.0,5.5,24.1,1020.0,
2019-04-30,16.7,14.0,22.0,0.0,,239.0,6.8,37.0,1017.6,
2019-05-01,17.3,12.0,23.0,0.0,,229.0,10.6,46.3,1015.7,
2019-05-02,15.2,12.0,19.0,0.2,,187.0,9.2,25.9,1015.8,
2019-05-03,12.8,10.0,15.0,29.0,,17.0,4.2,25.9,1013.0,
2019-05-04,13.9,7.0,22.0,0.0,,308.0,8.7,44.5,1010.9,
2019-05-05,14.8,9.0,21.0,0.0,,336.0,11.9,42.6,1013.2,
2019-05-06,13.8,7.0,19.0,0.0,,223.0,9.4,35.2,1018.7,
2019-05-07,13.9,8.0,18.0,0.0,,301.0,7.7,35.2,1018.1,
2019-05-08,20.0,15.0,27.0,0.3,,245.0,10.0,53.7,1009.6,
2019-05-09,17.5,12.0,21.0,0.0,,157.0,10.6,35.2,1011.2,
2019-05-10,18.3,12.0,24.0,0.2,,116.0,8.8,27.8,1012.7,
2019-05-11,17.9,13.0,22.0,0.0,,200.0,10.7,35.2,1018.6,
2019-05-12,16.0,10.0,22.0,0.0,,265.0,9.3,31.5,1022.5,
2019-05-13,16.0,8.0,22.0,0.0,,282.0,9.1,33.3,1020.7,
2019-05-14,16.8,8.0,23.0,0.0,,217.0,10.5,38.9,1018.5,
2019-05-15,15.0,9.0,20.0,0.0,,92.0,10.8,40.8,1014.1,
2019-05-16,15.2,6.0,23.0,1.2,,271.0,10.2,40.8,1012.2,
2019-05-17,14.2,12.0,16.0,36.7,,65.0,7.3,33.3,1004.6,
2019-05-18,14.8,11.0,20.0,0.0,,293.0,7.7,37.0,1007.9,
2019-05-19,12.9,8.0,19.0,1.0,,355.0,6.2,29.6,1009.2,
2019-05-20,14.7,8.0,21.0,0.0,,329.0,8.2,31.5,1012.3,
2019-05-21,16.3,8.0,24.0,0.0,,259.0,8.4,33.3,1015.5,
2019-05-22,18.2,11.0,24.0,0.0,,258.0,8.5,31.5,1017.9,
2019-05-23,18.6,11.0,26.0,1.8,,247.0,6.9,35.2,1017.4,
2019-05-24,15.7,14.0,17.0,17.8,,293.0,4.1,24.1,1015.6,
2019-05-25,17.2,14.0,23.0,0.0,,289.0,5.4,33.3,1015.6,
2019-05-26,18.6,13.0,26.0,0.0,,301.0,6.6,31.5,1015.1,
2019-05-27,18.4,11.0,25.0,1.0,,288.0,8.5,33.3,1011.9,
2019-05-28,17.9,15.0,21.0,0.0,,115.0,9.4,33.3,1013.7,
2019-05-29,17.7,13.0,24.0,0.0,,208.0,9.7,37.0,1019.8,
2019-05-30,17.8,10.0,24.0,0.0,,271.0,9.0,31.5,1024.6,
2019-05-31,20.0,12.0,26.0,0.0,,269.0,9.2,38.9,1024.2,
2019-06-01,22.1,14.0,29.0,0.0,,255.0,8.3,44.5,1021.6,
2019-06-02,22.7,15.0,29.0,0.0,,251.0,11.3,44.5,1019.4,
2019-06-03,22.9,16.0,30.0,0.0,,231.0,11.3,37.0,1017.7,
2019-06-04,21.7,15.0,27.0,0.0,,226.0,8.9,27.8,1013.0,
2019-06-05,19.8,13.0,24.0,0.0,,9.0,12.8,40.8,1007.9,
2019-06-06,18.1,13.0,22.0,0.0,,149.0,10.6,31.5,1014.5,
2019-06-07,22.0,16.0,28.0,0.0,,218.0,11.3,44.5,1013.4,
2019-06-08,20.0,13.0,24.0,0.0,,74.0,9.8,33.3,1022.2,
2019-06-09,20.6,15.0,27.0,0.0,,39.0,5.8,29.6,1015.5,
2019-06-10,22.1,15.0,29.0,6.7,,231.0,10.4,37.0,1012.3,
2019-06-11,15.1,13.0,19.0,30.7,,51.0,8.4,31.5,1012.7,
2019-06-12,15.8,10.0,21.0,0.0,,280.0,8.4,38.9,1015.3,
2019-06-13,17.4,10.0,24.0,0.0,,56.0,9.3,33.3,1014.6,
2019-06-14,21.5,14.0,28.0,0.0,,240.0,11.2,46.3,1010.1,
2019-06-15,19.9,15.0,25.0,0.0,,76.0,10.6,27.8,1016.2,
2019-06-16,21.2,14.0,28.0,0.0,,268.0,8.8,37.0,1019.6,
2019-06-17,23.2,15.0,30.0,0.0,,260.0,9.2,37.0,1016.7,
2019-06-18,23.6,17.0,30.0,0.0,,254.0,9.8,35.2,1015.3,
2019-06-19,22.1,15.0,29.0,0.0,,245.0,10.3,33.3,1013.3,
2019-06-20,22.0,18.0,27.0,0.0,,91.0,9.9,29.6,1013.7,
2019-06-21,22.9,19.0,28.0,0.0,,101.0,8.8,25.9,1014.7,
2019-06-22,24.1,18.0,30.0,0.0,,270.0,9.6,40.8,1015.8,
2019-06-23,25.6,18.0,34.0,0.0,,233.0,8.3,37.0,1014.9,
2019-06-24,24.6,17.0,33.0,0.0,,67.0,12.0,38.9,1015.7,
2019-06-25,25.5,21.0,30.0,0.0,,89.0,12.3,38.9,1017.2,
2019-06-26,28.4,22.0,36.0,0.0,,79.0,11.8,38.9,1019.8,
2019-06-27,27.9,19.0,36.0,0.0,,94.0,9.0,24.1,1019.9,
2019-06-28,31.2,20.0,42.0,0.0,,267.0,7.7,38.9,1015.6,
2019-06-29,30.1,22.0,36.0,0.0,,187.0,9.4,25.9,1014.3,
2019-06-30,27.1,20.0,33.0,0.0,,142.0,10.0,24.1,1017.2,
2019-07-01,25.7,20.0,29.0,0.0,,101.0,10.7,27.8,1017.2,
2019-07-02,26.5,21.0,32.0,0.0,,158.0,9.8,25.9,1016.0,
2019-07-03,27.3,22.0,32.0,0.0,,239.0,8.8,25.9,1014.7,
2019-07-04,26.4,21.0,31.0,0.0,,100.0,9.6,24.1,1016.1,
2019-07-05,28.1,21.0,35.0,0.0,,248.0,8.9,33.3,1016.1,
2019-07-06,28.6,23.0,35.0,0.5,,180.0,9.7,38.9,1012.9,
2019-07-07,27.4,23.0,32.0,2.3,,78.0,10.2,27.8,1012.1,
2019-07-08,25.8,22.0,32.0,4.2,,353.0,8.8,29.6,1012.7,
2019-07-09,23.0,19.0,30.0,0.0,,325.0,8.1,27.8,1011.1,
2019-07-10,25.7,18.0,33.0,0.0,,237.0,8.7,33.3,1014.0,
2019-07-11,27.5,19.0,35.0,0.0,,256.0,9.4,44.5,1013.8,
2019-07-12,26.8,20.0,33.0,0.0,,234.0,9.5,33.3,1015.2,
2019-07-13,26.8,21.0,33.0,0.0,,254.0,9.0,25.9,1014.7,
2019-07-14,24.9,21.0,29.0,0.1,,90.0,6.5,31.5,1011.2,
2019-07-15,24.6,21.0,29.0,0.0,,188.0,10.4,29.6,1011.1,
2019-07-16,25.5,19.0,31.0,0.0,,267.0,10.2,38.9,1015.6,
2019-07-17,24.3,18.0,31.0,0.5,,293.0,8.2,38.9,1014.4,
2019-07-18,24.5,19.0,29.0,0.0,,330.0,8.6,29.6,1014.5,
2019-07-19,25.0,20.0,28.0,0.0,,188.0,8.9,25.9,1016.3,
2019-07-20,26.1,20.0,31.0,0.0,,97.0,9.4,25.9,1016.3,
2019-07-21,26.2,20.0,32.0,0.0,,92.0,9.4,27.8,1020.3,
2019-07-22,27.0,20.0,34.0,0.0,,212.0,8.9,25.9,1021.1,
2019-07-23,27.9,19.0,36.0,0.0,,259.0,9.0,29.6,1017.7,
2019-07-24,27.1,21.0,33.0,0.0,,143.0,9.0,25.9,1016.2,
2019-07-25,26.9,20.0,31.0,0.0,,225.0,9.7,24.1,1014.7,
2019-07-26,27.5,21.0,34.0,1.2,,273.0,8.4,25.9,1011.0,
2019-07-27,24.1,21.0,28.0,44.3,,110.0,8.3,27.8,1005.5,
2019-07-28,23.2,17.0,27.0,0.0,,178.0,10.6,29.6,1008.4,
2019-07-29,24.6,17.0,31.0,0.0,,281.0,8.6,38.9,1010.6,
2019-07-30,26.2,23.0,30.0,0.0,,217.0,9.3,27.8,1014.2,
2019-07-31,25.1,23.0,27.0,0.0,,120.0,10.0,27.8,1017.3,
2019-08-01,25.3,19.0,31.0,0.0,,66.0,9.1,31.5,1014.0,
2019-08-02,26.1,19.0,33.0,0.0,,283.0,9.8,37.0,1014.4,
2019-08-03,26.7,19.0,34.0,0.0,,282.0,8.6,35.2,1014.7,
2019-08-04,27.6,21.0,33.0,0.0,,263.0,7.7,31.5,1014.3,
2019-08-05,27.9,20.0,34.0,0.0,,262.0,9.3,27.8,1014.4,
2019-08-06,26.7,21.0,33.0,0.0,,95.0,8.7,24.1,1012.2,
2019-08-07,26.8,25.0,30.0,0.0,,120.0,9.7,27.8,1010.9,
2019-08-08,28.9,24.0,34.0,0.0,,260.0,8.8,37.0,1011.8,
2019-08-09,29.5,21.0,37.0,0.0,,255.0,8.6,35.2,1011.7,
2019-08-10,28.2,25.0,32.0,0.0,,128.0,10.6,27.8,1015.4,
2019-08-11,26.9,21.0,32.0,52.5,,113.0,9.4,24.1,1013.9,
2019-08-12,25.0,21.0,29.0,0.0,,204.0,9.4,25.9,1015.2,
2019-08-13,23.4,18.0,29.0,0.0,,309.0,9.3,25.9,1018.2,
2019-08-14,23.6,19.0,27.0,0.0,,37.0,8.2,27.8,1018.1,
2019-08-15,25.0,20.0,31.0,25.7,,304.0,9.1,29.6,1018.2,
2019-08-16,25.4,23.0,30.0,1.9,,147.0,8.1,38.9,1018.0,
2019-08-17,26.5,21.0,32.0,0.0,,271.0,7.3,35.2,1015.8,
2019-08-18,26.4,20.0,33.0,0.0,,285.0,8.7,31.5,1013.0,
2019-08-19,26.0,23.0,29.0,0.0,,85.0,10.8,37.0,1015.7,
2019-08-20,25.3,23.0,29.0,0.0,,86.0,8.2,40.8,1018.5,
2019-08-21,24.0,18.0,29.0,0.0,,297.0,9.9,35.2,1019.8,
2019-08-22,25.8,21.0,30.0,0.0,,272.0,8.3,33.3,1019.6,
2019-08-23,24.4,18.0,29.0,0.0,,51.0,8.6,24.1,1019.8,
2019-08-24,25.3,19.0,32.0,0.0,,276.0,8.4,27.8,1018.7,
2019-08-25,27.0,21.0,33.0,0.0,,265.0,7.8,31.5,1017.5,
2019-08-26,24.9,18.0,32.0,0.0,,309.0,7.6,25.9,1016.7,
2019-08-27,23.1,21.0,26.0,0.6,,33.0,6.7,27.8,1016.1,
2019-08-28,24.8,20.0,30.0,0.0,,314.0,7.7,24.1,1016.6,
2019-08-29,26.0,20.0,32.0,0.0,,298.0,6.9,29.6,1018.7,
2019-08-30,26.2,20.0,32.0,0.0,,274.0,8.3,24.1,1019.1,
2019-08-31,26.2,21.0,32.0,0.0,,358.0,7.5,22.2,1015.5,
2019-09-01,24.3,19.0,30.0,0.0,,70.0,8.1,24.1,1014.6,
2019-09-02,24.4,21.0,29.0,72.9,,247.0,9.1,33.3,1017.5,
2019-09-03,24.0,20.0,29.0,0.0,,290.0,9.2,24.1,1020.4,
2019-09-04,23.8,17.0,31.0,0.0,,291.0,8.7,33.3,1018.5,
2019-09-05,22.3,19.0,27.0,0.0,,219.0,10.3,33.3,1017.3,
2019-09-06,21.1,17.0,26.0,11.3,,321.0,7.7,31.5,1019.0,
2019-09-07,21.3,16.0,26.0,0.0,,336.0,7.6,29.6,1019.6,
2019-09-08,20.1,16.0,25.0,2.4,,47.0,9.4,29.6,1017.6,
2019-09-09,22.0,20.0,25.0,16.5,,64.0,9.2,31.5,1015.6,
2019-09-10,17.4,15.0,22.0,41.2,,18.0,8.8,35.2,1010.0,
2019-09-11,20.7,15.0,26.0,1.7,,51.0,10.1,61.1,1017.8,
2019-09-12,21.8,15.0,29.0,0.0,,47.0,6.9,33.3,1026.0,
2019-09-13,21.4,15.0,28.0,0.8,,47.0,8.0,44.5,1026.9,
2019-09-14,23.6,17.0,29.0,0.0,,59.0,9.3,40.8,1024.6,
2019-09-15,23.7,17.0,30.0,0.0,,66.0,10.0,42.6,1022.2,
2019-09-16,22.1,17.0,27.0,0.0,,56.0,6.8,31.5,1019.1,
2019-09-17,22.5,16.0,29.0,0.0,,299.0,7.3,24.1,1016.3,
2019-09-18,23.5,19.8,29.4,0.0,,31.0,10.4,24.1,1014.9,
2019-09-19,22.5,18.0,28.0,0.0,,61.0,6.9,25.9,1017.4,
2019-09-20,21.1,16.0,26.0,0.2,,63.0,8.3,33.3,1018.8,
2019-09-21,21.9,19.9,23.8,11.2,,63.0,20.3,35.2,1014.3,
2019-09-22,22.8,18.0,29.0,0.4,,282.0,7.3,44.5,1012.1,
2019-09-23,21.4,17.0,26.0,0.0,,260.0,9.1,37.0,1018.0,
2019-09-24,23.9,16.0,33.0,0.0,,274.0,10.8,50.0,1015.0,
2019-09-25,22.3,21.7,25.4,0.0,,114.0,12.9,27.8,1015.3,
2019-09-26,22.3,19.4,26.3,0.0,,272.0,14.0,33.3,1018.1,
2019-09-27,22.6,20.1,26.9,0.0,,305.0,11.7,29.6,1017.9,
2019-09-28,22.8,19.0,26.0,0.0,,66.0,8.0,27.8,1020.2,
2019-09-29,23.2,16.0,32.0,0.0,,298.0,7.6,46.3,1016.6,
2019-09-30,22.4,19.9,26.4,0.0,,277.0,11.5,27.8,1016.7,
2019-10-01,22.6,16.0,30.0,0.0,,315.0,5.6,35.2,1011.2,
2019-10-02,22.2,19.1,26.4,0.0,,146.0,13.2,29.6,1012.2,
2019-10-03,19.2,14.0,26.0,0.0,,313.0,9.2,27.8,1015.8,
2019-10-04,19.5,14.0,26.0,0.0,,354.0,6.6,27.8,1015.9,
2019-10-05,19.1,15.0,23.0,0.0,,79.0,7.4,27.8,1015.9,
2019-10-06,19.7,17.0,22.0,0.0,,69.0,6.2,27.8,1017.0,
2019-10-07,20.3,15.0,27.0,0.0,,309.0,6.9,25.9,1015.8,
2019-10-08,20.3,14.0,27.0,0.0,,301.0,8.4,42.6,1018.6,
2019-10-09,19.8,17.0,24.0,0.6,,347.0,4.5,35.2,1017.8,
2019-10-10,19.2,18.0,22.0,0.0,,289.0,8.1,27.8,1021.9,
2019-10-11,20.8,19.0,24.0,0.0,,314.0,5.6,27.8,1021.3,
2019-10-12,20.7,17.0,25.0,0.0,,72.0,5.8,25.9,1019.8,
2019-10-13,21.8,19.0,25.0,0.0,,80.0,8.7,35.2,1018.0,
2019-10-14,21.2,18.0,26.0,25.5,,76.0,6.7,37.0,1014.3,
2019-10-15,17.5,13.0,21.0,0.0,,280.0,14.8,48.2,1014.5,
2019-10-16,16.7,10.0,25.0,0.0,,316.0,8.3,35.2,1018.0,
2019-10-17,17.7,10.0,25.0,0.0,,331.0,6.4,29.6,1016.1,
2019-10-18,18.3,13.0,25.0,0.0,,335.0,4.7,31.5,1014.8,
2019-10-19,19.1,13.0,26.0,1.2,,307.0,7.1,37.0,1009.5,
2019-10-20,19.8,16.0,24.0,0.0,,237.0,7.4,44.5,1007.8,
2019-10-21,15.3,12.0,18.0,9.2,,9.0,4.9,31.5,1016.7,
2019-10-22,17.3,14.0,20.0,43.6,,55.0,12.0,68.5,1011.9,
2019-10-23,16.4,12.0,20.0,0.5,,285.0,9.9,50.0,1006.7,
2019-10-24,14.4,10.0,20.0,0.0,,355.0,9.4,27.8,1014.0,
2019-10-25,15.8,10.0,23.0,0.0,,344.0,5.3,29.6,1021.1,
2019-10-26,16.4,12.0,23.3,0.0,,31.0,13.6,27.8,1021.8,
2019-10-27,16.0,10.0,24.0,0.0,,331.0,5.6,25.9,1021.4,
2019-10-28,15.8,11.0,20.0,0.0,,296.0,3.9,31.5,1017.7,
2019-10-29,16.5,12.0,23.0,0.0,,340.0,4.5,22.2,1016.6,
2019-10-30,17.3,11.0,25.0,0.0,,328.0,6.1,24.1,1019.2,
2019-10-31,17.5,15.0,22.0,0.1,,343.0,5.1,22.2,1018.7,
2019-11-01,15.5,11.0,21.0,0.0,,347.0,4.5,24.1,1016.2,
2019-11-02,18.2,13.0,24.0,0.6,,297.0,8.9,37.0,1006.2,
2019-11-03,17.3,15.0,19.0,0.6,,256.0,17.9,68.5,998.9,
2019-11-04,18.0,13.0,23.0,0.0,,251.0,15.6,64.8,1004.5,
2019-11-05,15.4,13.0,17.0,0.0,,247.0,16.9,61.1,1004.1,
2019-11-06,13.1,10.0,18.0,0.0,,275.0,13.9,29.6,1009.4,
2019-11-07,13.1,9.1,20.1,0.0,,297.0,12.0,29.6,1007.6,
2019-11-08,9.8,6.0,14.0,0.0,,279.0,18.5,46.3,1007.8,
2019-11-09,10.7,5.0,15.0,5.6,,311.0,11.1,37.0,1013.0,
2019-11-10,10.9,7.0,16.0,0.2,,345.0,8.8,27.8,1009.3,
2019-11-11,8.5,3.0,16.0,0.2,,353.0,8.0,37.0,1010.8,
2019-11-12,10.8,6.0,17.0,0.0,,340.0,7.3,29.6,1008.5,
2019-11-13,9.3,6.0,15.0,4.7,,331.0,5.5,24.1,1006.8,
2019-11-14,7.7,3.0,12.0,5.0,,353.0,5.9,38.9,1000.2,
2019-11-15,6.3,2.0,12.0,0.0,,339.0,9.5,27.8,1001.1,
2019-11-16,6.9,3.0,12.0,0.0,,345.0,8.5,29.6,1009.8,
2019-11-17,7.9,3.0,13.0,0.0,,354.0,9.3,37.0,1009.1,
2019-11-18,8.5,4.0,15.0,0.0,,352.0,6.3,29.6,1010.1,
2019-11-19,6.4,1.0,14.0,0.0,,350.0,5.4,31.5,1015.4,
2019-11-20,5.9,0.0,13.0,0.0,,354.0,5.1,29.6,1012.4,
2019-11-21,9.0,4.0,14.0,0.3,,332.0,6.2,35.2,1007.9,
2019-11-22,10.1,5.0,15.0,8.3,,328.0,5.1,38.9,1002.6,
2019-11-23,12.7,10.0,15.0,0.0,,261.0,16.4,48.2,993.1,
2019-11-24,11.2,6.0,17.0,0.0,,359.0,7.4,35.2,1006.8,
2019-11-25,11.1,6.0,18.0,0.0,,330.0,6.7,25.9,1011.3,
2019-11-26,11.4,5.0,19.0,0.0,,320.0,6.8,35.2,1010.7,
2019-11-27,14.8,11.0,18.0,0.0,,253.0,14.3,44.5,1007.1,
2019-11-28,13.9,8.0,19.0,0.0,,263.0,10.6,50.0,1011.8,
2019-11-29,14.1,11.0,19.0,0.0,,49.0,6.4,24.1,1016.9,
2019-11-30,12.6,7.0,19.0,0.0,,326.0,4.9,25.9,1018.1,
2019-12-01,12.1,9.0,16.0,0.0,,10.0,5.6,24.1,1012.3,
2019-12-02,8.9,5.0,14.0,0.0,,350.0,5.1,24.1,1016.3,
2019-12-03,8.4,3.0,13.0,0.0,,24.0,5.9,42.6,1017.6,
2019-12-04,12.3,11.0,14.0,68.9,,55.0,16.7,72.2,1010.3,
2019-12-05,11.1,9.0,12.0,7.4,,33.0,5.7,53.7,1017.4,
2019-12-06,11.0,8.0,16.0,0.0,,341.0,5.9,29.6,1023.1,
2019-12-07,10.1,6.0,18.0,0.0,,345.0,3.9,29.6,1022.9,
2019-12-08,7.5,3.0,12.0,0.0,,359.0,8.0,31.5,1022.0,
2019-12-09,10.3,5.0,15.0,0.0,,342.0,11.0,48.2,1020.3,
2019-12-10,7.8,2.0,14.0,0.0,,8.0,4.8,33.3,1023.3,
2019-12-11,7.3,3.0,14.0,0.2,,355.0,5.7,27.8,1018.1,
2019-12-12,9.2,6.0,12.0,0.0,,248.0,14.4,48.2,1012.1,
2019-12-13,15.3,11.0,20.0,0.0,,263.0,24.9,68.5,1001.8,
2019-12-14,14.2,10.0,17.0,0.0,,270.0,15.4,48.2,1011.5,
2019-12-15,12.5,9.0,17.0,0.0,,295.0,9.4,37.0,1013.2,
2019-12-16,10.0,5.0,14.0,0.0,,14.0,4.1,31.5,1010.3,
2019-12-17,12.9,9.0,17.0,0.0,,35.0,4.4,29.6,1007.5,
2019-12-18,12.2,8.0,18.0,0.0,,19.0,4.5,25.9,1015.8,
2019-12-19,10.4,7.0,15.0,7.4,,323.0,4.0,27.8,1015.1,
2019-12-20,14.0,11.0,18.0,6.2,,246.0,8.4,55.5,1001.3,
2019-12-21,14.2,11.0,18.0,0.3,,250.0,12.2,48.2,999.1,
2019-12-22,15.1,12.0,17.0,0.0,,258.0,28.5,77.8,1006.2,
2019-12-23,11.0,6.0,16.0,0.0,,281.0,11.8,46.3,1021.4,
2019-12-24,9.5,4.0,17.0,0.0,,355.0,8.8,29.6,1025.4,
2019-12-25,10.3,5.0,19.0,0.0,,342.0,4.1,29.6,1023.8,
2019-12-26,9.6,5.0,17.0,0.0,,6.0,4.6,31.5,1024.3,
2019-12-27,7.9,4.0,14.0,0.0,,2.0,6.1,29.6,1028.7,
2019-12-28,7.3,2.0,14.0,0.0,,20.0,4.9,31.5,1030.4,
2019-12-29,10.3,8.0,15.0,0.0,,9.0,3.9,27.8,1032.3,
2019-12-30,9.5,5.0,14.0,0.0,,355.0,4.5,27.8,1032.8,
2019-12-31,6.8,3.0,12.0,0.0,,353.0,6.6,31.5,1032.7,
2020-01-01,5.9,0.0,12.0,0.0,,15.0,4.2,31.5,1032.1,
2020-01-02,5.8,1.0,13.0,0.0,,336.0,5.2,29.6,1031.8,
2020-01-03,6.3,2.0,11.0,0.0,,2.0,4.7,29.6,1030.9,
2020-01-04,6.0,0.0,14.0,0.0,,356.0,4.8,33.3,1031.4,
2020-01-05,6.5,1.0,14.0,0.0,,8.0,5.6,35.2,1028.6,
2020-01-06,6.3,0.0,15.0,0.0,,358.0,4.8,31.5,1029.4,
2020-01-07,6.4,1.0,15.0,0.0,,348.0,3.0,33.3,1029.8,
2020-01-08,7.2,2.0,16.0,0.0,,17.0,4.6,33.3,1030.2,
2020-01-09,7.7,2.0,15.0,4.9,,321.0,5.4,29.6,1027.5,
2020-01-10,8.2,4.0,12.0,16.2,,15.0,6.9,27.8,1025.7,
2020-01-11,7.2,4.2,12.3,0.0,,2.0,16.8,29.6,1030.1,
2020-01-12,4.7,-1.0,14.0,0.0,,351.0,4.1,31.5,1029.9,
2020-01-13,4.9,-1.0,13.0,0.0,,325.0,3.6,31.5,1025.0,
2020-01-14,6.0,-1.0,15.0,0.0,,338.0,6.1,29.6,1022.0,
2020-01-15,6.4,1.0,15.0,0.0,,345.0,5.2,33.3,1023.6,
2020-01-16,7.6,1.0,16.0,0.0,,338.0,5.2,27.8,1027.0,
2020-01-17,10.4,5.0,17.0,0.0,,309.0,13.4,48.2,1025.3,
2020-01-18,8.5,3.0,15.0,0.2,,335.0,5.2,29.6,1026.5,
2020-01-19,9.8,7.0,12.0,0.0,,41.0,11.5,72.2,1020.2,
2020-01-20,9.4,8.0,11.0,54.1,,42.0,22.8,96.3,1025.0,
2020-01-21,9.3,1.0,11.0,87.9,,50.0,24.9,96.3,1024.0,
2020-01-22,11.3,0.0,14.0,10.4,,70.0,14.3,70.4,1020.8,
2020-01-23,11.1,4.0,15.0,0.1,,5.0,8.3,50.0,1020.4,
2020-01-24,8.3,3.0,16.0,0.0,,283.0,4.9,27.8,1021.4,
2020-01-25,9.1,5.0,14.0,0.0,,23.0,3.2,24.1,1019.9,
2020-01-26,10.0,5.0,16.0,0.0,,356.0,4.8,22.2,1019.3,
2020-01-27,9.5,5.0,14.0,0.0,,261.0,12.8,44.5,1019.7,
2020-01-28,11.6,8.0,16.0,0.0,,266.0,13.6,46.3,1017.3,
2020-01-29,10.3,6.0,17.0,0.0,,20.0,4.8,25.9,1020.5,
2020-01-30,11.2,6.0,19.0,0.0,,329.0,7.8,27.8,1019.8,
2020-01-31,12.8,7.0,20.0,0.0,,310.0,5.2,24.1,1020.5,
2020-02-01,13.4,8.0,21.0,0.0,,261.0,8.1,24.1,1020.7,
2020-02-02,14.0,7.0,22.0,0.0,,309.0,8.9,31.5,1025.4,
2020-02-03,16.3,11.0,23.0,0.0,,258.0,6.2,25.9,1025.9,
2020-02-04,14.5,10.0,21.0,0.0,,344.0,9.4,33.3,1022.1,
2020-02-05,9.5,3.0,17.0,0.0,,332.0,7.8,25.9,1027.8,
2020-02-06,8.0,2.0,17.0,0.0,,324.0,7.2,31.5,1026.8,
2020-02-07,8.8,4.0,14.0,0.0,,336.0,4.3,22.2,1024.5,
2020-02-08,10.1,5.0,14.0,0.0,,337.0,5.3,22.2,1024.4,
2020-02-09,10.5,3.0,17.0,0.0,,306.0,9.5,40.8,1027.9,
2020-02-10,14.7,10.0,20.0,0.0,,251.0,13.0,42.6,1025.6,
2020-02-11,12.8,8.0,17.0,0.0,,54.0,5.2,25.9,1023.4,
2020-02-12,11.4,10.0,13.0,0.0,,113.0,6.4,25.9,1024.4,
2020-02-13,13.2,9.0,19.0,0.0,,277.0,10.7,44.5,1020.5,
2020-02-14,11.3,7.0,16.0,0.0,,6.0,4.3,24.1,1024.0,
2020-02-15,13.0,8.0,19.0,0.0,,287.0,6.1,33.3,1025.4,
2020-02-16,13.4,12.0,17.0,0.0,,231.0,10.5,44.5,1025.4,
2020-02-17,13.9,10.0,21.0,1.1,,210.0,12.1,37.0,1024.4,
2020-02-18,11.2,7.0,14.0,0.0,,249.0,7.0,27.8,1030.2,
2020-02-19,8.8,4.0,16.0,0.0,,330.0,6.4,27.8,1029.9,
2020-02-20,9.5,2.0,19.0,0.0,,316.0,7.4,35.2,1025.3,
2020-02-21,10.9,4.0,19.0,0.0,,312.0,7.5,33.3,1028.3,
2020-02-22,10.0,4.0,17.0,0.0,,270.0,5.3,25.9,1031.3,
2020-02-23,12.7,4.0,23.0,0.0,,279.0,7.0,35.2,1031.1,
2020-02-24,13.4,5.0,23.0,0.0,,267.0,7.5,35.2,1024.4,
2020-02-25,10.5,5.0,16.0,0.0,,30.0,5.6,27.8,1015.6,
2020-02-26,11.6,6.0,18.0,0.0,,344.0,12.9,44.5,1014.3,
2020-02-27,13.1,8.0,19.0,0.0,,260.0,18.1,53.7,1015.8,
2020-02-28,12.0,7.0,16.0,0.0,,290.0,8.4,27.8,1019.8,
2020-02-29,14.2,10.0,20.0,0.0,,267.0,7.6,48.2,1011.1,
2020-03-01,15.4,11.0,20.0,0.9,,254.0,14.6,59.3,1008.5,
2020-03-02,14.1,9.0,18.0,1.4,,255.0,23.4,81.5,999.7,
2020-03-03,10.5,6.0,16.0,0.0,,260.0,19.0,63.0,1008.7,
2020-03-04,11.3,7.0,16.0,0.0,,70.0,7.2,42.6,1014.7,
2020-03-05,13.8,8.0,21.0,0.0,,275.0,14.9,61.1,1006.7,
2020-03-06,10.3,6.0,16.0,0.0,,268.0,16.3,57.4,1008.4,
2020-03-07,10.5,4.0,18.0,0.0,,275.0,11.8,40.8,1018.1,
2020-03-08,11.7,5.0,19.0,0.0,,302.0,5.1,33.3,1021.5,
2020-03-09,11.8,6.0,20.0,0.0,,54.0,9.7,35.2,1019.2,
2020-03-10,11.9,6.0,18.0,0.0,,266.0,8.9,38.9,1022.9,
2020-03-11,12.8,6.0,20.0,0.0,,331.0,5.6,22.2,1022.4,
2020-03-12,13.7,7.0,22.0,0.0,,315.0,5.5,27.8,1019.8,
2020-03-13,14.3,9.0,22.0,0.0,,256.0,6.8,31.5,1018.8,
2020-03-14,13.7,10.0,18.0,0.0,,278.0,6.2,25.9,1019.3,
2020-03-15,12.3,7.0,17.0,0.0,,202.0,7.9,29.6,1018.0,
2020-03-16,13.0,12.0,14.0,18.3,,58.0,12.9,61.1,1017.2,
2020-03-17,14.5,13.0,17.0,0.0,,50.0,11.0,59.3,1026.8,
2020-03-18,12.5,9.0,17.0,0.0,,315.0,5.9,24.1,1027.0,
2020-03-19,10.5,5.0,16.0,0.0,,195.0,7.9,22.2,1023.3,
2020-03-20,10.6,4.0,17.0,0.0,,279.0,7.8,33.3,1019.6,
2020-03-21,10.4,4.0,17.0,0.0,,313.0,7.5,31.5,1014.3,
2020-03-22,12.5,6.0,17.0,4.2,,55.0,8.3,40.8,1013.4,
2020-03-23,12.9,12.0,16.0,20.4,,39.0,9.9,44.5,1018.6,
2020-03-24,11.4,9.0,13.0,0.0,,61.0,12.8,48.2,1019.7,
2020-03-25,9.0,4.0,12.0,0.0,,60.0,7.2,37.0,1016.5,
2020-03-26,7.0,2.0,11.0,0.0,,34.0,10.3,48.2,1009.8,
2020-03-27,7.8,1.0,15.0,0.1,,297.0,6.1,29.6,1013.7,
2020-03-28,12.4,8.0,17.0,0.0,,317.0,5.4,25.9,1016.3,
2020-03-29,13.2,6.0,20.0,0.0,,36.0,6.9,29.6,1014.5,
2020-03-30,10.0,8.0,13.0,6.0,,43.0,6.4,33.3,1014.0,
2020-03-31,10.3,8.0,13.0,3.2,,41.0,8.1,57.4,1013.9,
2020-04-01,10.7,10.0,12.0,16.4,,50.0,14.6,63.0,1014.2,
2020-04-02,11.8,10.0,15.0,0.0,,70.0,8.4,59.3,1011.8,
2020-04-03,11.7,5.0,18.0,0.0,,297.0,8.2,37.0,1015.0,
2020-04-04,11.7,5.0,19.0,0.0,,244.0,8.1,35.2,1019.2,
2020-04-05,11.6,4.0,19.0,0.0,,306.0,7.8,25.9,1020.5,
2020-04-06,12.2,6.0,19.0,0.0,,11.0,7.7,22.2,1023.3,
2020-04-07,13.5,9.0,18.0,0.0,,281.0,10.0,22.2,1026.2,
2020-04-08,14.8,9.0,20.0,0.0,,105.0,7.3,24.1,1024.8,
2020-04-09,14.3,9.0,20.0,0.0,,12.0,7.0,24.1,1022.3,
2020-04-10,13.9,7.0,21.0,0.0,,300.0,7.8,27.8,1022.0,
2020-04-11,14.2,7.0,21.0,0.0,,260.0,7.5,29.6,1022.3,
2020-04-12,14.9,8.0,20.0,14.1,,57.0,7.3,25.9,1019.1,
2020-04-13,13.2,12.0,15.0,18.0,,30.0,8.4,46.3,1010.3,
2020-04-14,15.3,11.0,20.0,0.0,,126.0,7.6,35.2,1012.8,
2020-04-15,14.1,8.0,19.0,0.0,,58.0,10.4,46.3,1017.5,
2020-04-16,16.5,14.0,21.0,0.0,,90.0,7.9,29.6,1018.8,
2020-04-17,16.7,12.0,21.0,0.0,,208.0,5.7,27.8,1017.0,
2020-04-18,16.0,13.0,20.0,12.1,,80.0,9.4,31.5,1015.8,
2020-04-19,15.7,15.0,16.0,78.5,,25.0,6.7,38.9,1010.1,
2020-04-20,15.8,15.0,18.0,47.7,,45.0,4.9,27.8,1005.2,
2020-04-21,14.8,14.0,15.0,73.3,,27.0,6.4,50.0,1004.2,
2020-04-22,14.1,13.0,16.0,0.0,,46.0,11.0,53.7,1012.6,
2020-04-23,16.9,13.0,23.0,0.0,,280.0,5.4,31.5,1018.5,
2020-04-24,17.7,13.0,23.0,0.0,,257.0,6.2,35.2,1015.4,
2020-04-25,16.0,10.0,21.0,0.0,,217.0,7.4,24.1,1010.6,
2020-04-26,16.3,11.0,22.0,0.0,,282.0,6.7,29.6,1010.3,
2020-04-27,16.5,12.0,21.0,3.4,,275.0,4.2,31.5,1010.4,
2020-04-28,17.4,12.0,23.0,0.0,,249.0,14.2,50.0,1011.0,
2020-04-29,17.1,10.0,24.0,0.0,,255.0,11.0,50.0,1014.6,
2020-04-30,18.8,13.0,24.0,0.0,,262.0,17.4,55.5,1012.4,
2020-05-01,20.8,13.0,27.0,0.0,,252.0,19.4,59.3,1013.8,
2020-05-02,19.8,14.0,25.0,0.0,,111.0,8.8,29.6,1016.4,
2020-05-03,19.2,13.0,25.0,0.0,,96.0,9.0,25.9,1018.4,
2020-05-04,20.6,13.0,29.0,0.0,,280.0,6.9,27.8,1016.0,
2020-05-05,19.7,15.0,27.0,0.0,,78.0,7.9,29.6,1014.2,
2020-05-06,20.5,13.0,28.0,0.0,,292.0,8.2,25.9,1016.1,
2020-05-07,19.2,13.0,25.0,0.0,,62.0,10.0,31.5,1019.2,
2020-05-08,19.6,13.0,25.0,0.0,,99.0,8.2,35.2,1017.7,
2020-05-09,17.2,12.0,20.0,6.3,,71.0,5.9,37.0,1012.5,
2020-05-10,17.5,14.0,19.0,4.0,,133.0,11.6,40.8,1004.3,
2020-05-11,19.2,14.0,25.0,0.0,,246.0,20.8,64.8,1003.2,
2020-05-12,17.1,12.0,20.0,0.9,,83.0,8.8,44.5,1009.4,
2020-05-13,19.3,15.0,25.0,0.0,,270.0,10.9,44.5,1004.0,
2020-05-14,16.4,14.0,19.0,4.5,,70.0,7.2,33.3,1005.0,
2020-05-15,17.0,13.0,22.0,0.0,,68.0,7.7,27.8,1011.9,
2020-05-16,15.5,1.0,22.0,1.4,,29.0,5.7,27.8,1015.9,
2020-05-17,18.5,13.0,26.0,0.0,,241.0,8.7,33.3,1018.7,
2020-05-18,19.6,12.0,26.0,0.0,,251.0,7.4,27.8,1019.5,
2020-05-19,21.3,14.0,29.0,0.0,,255.0,9.1,31.5,1016.4,
2020-05-20,21.2,13.0,29.0,0.0,,273.0,8.8,25.9,1015.4,
2020-05-21,23.4,15.0,31.0,0.0,,268.0,7.4,35.2,1018.5,
2020-05-22,23.6,16.0,31.0,0.0,,255.0,7.6,27.8,1022.5,
2020-05-23,22.5,15.0,30.0,0.0,,195.0,8.6,33.3,1025.0,
2020-05-24,21.3,19.0,24.0,0.0,,219.0,9.9,29.6,1027.1,
2020-05-25,21.6,18.0,25.0,0.0,,259.0,7.7,27.8,1025.8,
2020-05-26,21.6,14.0,28.0,0.0,,173.0,7.6,31.5,1025.2,
2020-05-27,20.6,15.0,25.0,0.0,,162.0,9.6,35.2,1026.1,
2020-05-28,21.0,16.0,25.0,0.0,,135.0,8.3,27.8,1024.3,
2020-05-29,20.1,9.0,28.0,4.5,,287.0,7.9,38.9,1017.0,
2020-05-30,19.3,15.0,24.0,0.0,,105.0,7.8,25.9,1016.2,
2020-05-31,19.5,14.0,24.0,0.0,,218.0,8.1,29.6,1014.6,
2020-06-01,20.4,17.0,24.0,0.3,,254.0,6.1,25.9,1015.6,
2020-06-02,19.8,14.0,25.0,0.0,,272.0,7.1,27.8,1015.5,
2020-06-03,21.4,18.0,27.0,7.3,,251.0,8.6,35.2,1008.9,
2020-06-04,18.6,16.0,22.0,0.2,,285.0,9.9,37.0,1002.5,
2020-06-05,18.1,12.0,24.0,0.0,,292.0,11.1,40.8,1008.3,
2020-06-06,20.0,14.0,24.0,0.2,,110.0,8.8,27.8,1009.3,
2020-06-07,18.9,16.0,21.0,18.2,,97.0,7.8,27.8,1008.0,
2020-06-08,16.5,14.0,20.0,1.3,,323.0,9.7,33.3,1012.8,
2020-06-09,14.8,5.0,22.0,17.4,,1.0,6.9,25.9,1015.3,
2020-06-10,17.1,12.0,23.0,0.2,,7.0,6.4,27.8,1015.1,
2020-06-11,18.8,16.0,22.0,0.0,,106.0,5.5,27.8,1008.3,
2020-06-12,21.3,18.0,25.0,0.0,,234.0,10.3,48.2,1003.6,
2020-06-13,20.7,15.0,27.0,0.0,,285.0,10.6,46.3,1010.9,
2020-06-14,20.0,13.0,24.0,0.0,,303.0,8.4,35.2,1017.8,
2020-06-15,20.8,15.0,25.0,0.0,,197.0,7.8,33.3,1019.2,
2020-06-16,18.9,17.0,21.0,0.3,,321.0,6.8,29.6,1017.3,
2020-06-17,19.5,14.0,24.0,5.4,,338.0,9.4,31.5,1015.4,
2020-06-18,18.6,15.0,23.0,2.9,,75.0,9.3,27.8,1015.7,
2020-06-19,19.9,16.0,24.0,0.0,,12.0,6.3,25.9,1018.8,
2020-06-20,21.5,16.0,26.0,0.0,,277.0,6.4,33.3,1020.5,
2020-06-21,23.4,18.0,29.0,0.0,,66.0,5.7,31.5,1020.7,
2020-06-22,23.4,18.0,28.0,0.0,,215.0,8.6,27.8,1020.9,
2020-06-23,24.0,18.0,29.0,0.0,,261.0,8.5,37.0,1018.5,
2020-06-24,24.1,18.0,30.0,0.0,,221.0,6.5,27.8,1017.5,
2020-06-25,24.7,19.0,29.0,0.0,,220.0,8.3,22.2,1016.2,
2020-06-26,24.7,17.0,30.0,0.0,,121.0,8.6,22.2,1015.2,
2020-06-27,23.8,18.0,28.0,0.0,,108.0,9.2,25.9,1015.3,
2020-06-28,25.9,20.0,31.0,0.0,,132.0,7.8,27.8,1017.1,
2020-06-29,24.6,20.0,29.0,0.0,,122.0,9.0,27.8,1016.7,
2020-06-30,24.7,22.0,29.0,0.0,,176.0,7.6,29.6,1014.9,
2020-07-01,26.0,19.0,32.0,0.0,,111.0,8.5,24.1,1011.8,
2020-07-02,25.8,21.0,31.0,51.7,,148.0,9.8,27.8,1013.8,
2020-07-03,22.3,1.0,26.0,6.8,,319.0,10.3,33.3,1017.9,
2020-07-04,23.4,19.0,27.0,0.0,,212.0,7.9,27.8,1020.7,
2020-07-05,25.0,17.0,32.0,0.0,,219.0,7.9,38.9,1019.3,
2020-07-06,25.2,19.0,31.0,0.0,,113.0,10.7,27.8,1015.9,
2020-07-07,24.3,21.0,28.0,0.0,,133.0,9.1,27.8,1016.0,
2020-07-08,24.5,18.0,29.0,0.0,,125.0,9.6,25.9,1017.4,
2020-07-09,26.1,20.0,32.0,0.0,,96.0,7.2,25.9,1016.8,
2020-07-10,25.1,21.0,30.0,0.0,,62.0,8.3,22.2,1015.8,
2020-07-11,24.5,18.0,32.0,0.0,,275.0,9.8,33.3,1017.3,
2020-07-12,24.3,19.0,29.0,0.0,,274.0,7.7,27.8,1019.0,
2020-07-13,25.0,22.0,31.0,0.3,,39.0,6.2,22.2,1018.5,
2020-07-14,25.0,21.0,30.0,0.0,,299.0,8.5,27.8,1016.3,
2020-07-15,23.8,19.0,30.0,51.6,,324.0,10.1,29.6,1016.7,
2020-07-16,22.6,20.0,26.0,0.1,,123.0,8.6,29.6,1018.8,
2020-07-17,24.5,21.0,29.0,0.7,,203.0,8.8,27.8,1016.5,
2020-07-18,24.8,21.0,30.0,0.0,,266.0,10.0,31.5,1015.8,
2020-07-19,26.0,19.0,33.0,0.0,,218.0,9.6,40.8,1015.6,
2020-07-20,25.7,20.0,31.0,0.0,,259.0,6.6,35.2,1017.1,
2020-07-21,25.2,19.0,31.0,0.0,,169.0,9.0,24.1,1019.2,
2020-07-22,25.1,18.0,32.0,0.0,,42.0,8.0,24.1,1018.8,
2020-07-23,27.0,20.0,32.0,0.0,,123.0,8.9,25.9,1015.4,
2020-07-24,26.7,22.0,32.0,0.0,,169.0,10.0,29.6,1014.3,
2020-07-25,26.9,22.0,31.0,0.0,,164.0,8.4,33.3,1015.0,
2020-07-26,26.0,21.0,31.0,0.0,,131.0,9.2,24.1,1015.8,
2020-07-27,27.9,21.0,35.0,0.0,,230.0,6.0,31.5,1016.5,
2020-07-28,26.8,22.0,32.0,0.0,,142.0,9.3,27.8,1015.8,
2020-07-29,27.2,20.0,33.0,0.0,,87.0,8.2,25.9,1016.3,
2020-07-30,27.5,19.0,35.0,0.0,,145.0,8.4,24.1,1016.4,
2020-07-31,27.3,20.0,34.0,0.0,,172.0,7.6,22.2,1015.5,
2020-08-01,28.4,21.0,35.0,0.0,,124.0,9.2,22.2,1014.8,
2020-08-02,27.7,22.0,33.0,3.1,,204.0,12.4,35.2,1013.8,
2020-08-03,24.9,19.0,28.0,0.1,,200.0,11.7,33.3,1013.0,
2020-08-04,24.6,22.0,28.0,0.0,,149.0,11.3,33.3,1014.0,
2020-08-05,24.8,20.0,30.0,0.0,,97.0,9.3,27.8,1014.1,
2020-08-06,26.9,20.0,34.0,0.0,,285.0,8.2,35.2,1016.0,
2020-08-07,27.7,19.0,35.0,0.0,,220.0,7.5,40.8,1017.5,
2020-08-08,28.1,21.0,34.0,0.0,,299.0,7.4,37.0,1018.4,
2020-08-09,29.0,22.0,34.0,0.0,,224.0,7.8,24.1,1015.9,
2020-08-10,28.4,21.0,35.0,0.0,,261.0,7.3,29.6,1013.8,
2020-08-11,27.3,21.0,34.0,0.0,,57.0,7.8,24.1,1014.7,
2020-08-12,27.9,24.0,33.0,0.0,,62.0,7.2,33.3,1013.4,
2020-08-13,26.7,22.0,31.0,0.0,,243.0,7.6,25.9,1014.0,
2020-08-14,26.6,22.0,31.0,0.0,,150.0,9.4,25.9,1015.3,
2020-08-15,26.4,21.0,31.0,0.0,,221.0,8.1,31.5,1012.6,
2020-08-16,24.9,20.0,29.0,0.0,,62.0,7.8,27.8,1011.0,
2020-08-17,24.1,19.0,29.0,0.0,,224.0,7.8,27.8,1013.3,
2020-08-18,25.2,22.0,29.0,0.0,,37.0,5.1,24.1,1013.5,
2020-08-19,26.7,20.0,34.0,0.0,,207.0,9.6,35.2,1011.1,
2020-08-20,26.8,20.0,34.0,0.0,,104.0,8.7,24.1,1010.8,
2020-08-21,26.3,20.0,32.0,0.0,,120.0,9.2,24.1,1013.5,
2020-08-22,28.2,25.0,33.0,0.0,,82.0,8.2,31.5,1018.3,
2020-08-23,25.3,22.0,30.0,1.2,,200.0,9.7,42.6,1019.3,
2020-08-24,24.7,22.0,27.0,0.0,,172.0,8.4,29.6,1016.9,
2020-08-25,26.0,19.0,33.0,0.0,,237.0,9.7,46.3,1015.0,
2020-08-26,27.3,22.0,33.0,0.0,,196.0,6.9,31.5,1018.1,
2020-08-27,26.3,21.0,31.0,0.0,,270.0,7.8,29.6,1016.6,
2020-08-28,26.3,22.0,32.0,13.5,,130.0,9.5,37.0,1008.4,
2020-08-29,17.0,1.0,24.0,1.8,,5.0,7.8,42.6,1005.2,
2020-08-30,19.4,14.0,25.0,2.8,,242.0,10.3,29.6,1011.5,
2020-08-31,19.9,13.0,27.0,0.0,,304.0,8.7,35.2,1017.0,
2020-09-01,20.1,14.0,25.0,1.3,,334.0,6.5,24.1,1014.4,
2020-09-02,21.8,17.0,27.0,0.0,,216.0,8.6,37.0,1016.0,
2020-09-03,21.8,17.0,27.0,0.0,,201.0,8.7,31.5,1021.6,
2020-09-04,23.5,18.0,29.0,0.0,,304.0,7.9,27.8,1023.5,
2020-09-05,23.2,17.0,29.0,0.0,,302.0,8.6,27.8,1020.0,
2020-09-06,24.2,19.0,30.0,62.7,,120.0,10.1,31.5,1016.3,
2020-09-07,20.0,16.0,26.0,9.7,,251.0,10.8,33.3,1018.0,
2020-09-08,19.5,14.0,27.0,34.9,,20.0,6.8,38.9,1022.1,
2020-09-09,19.5,17.0,23.0,25.1,,26.0,4.9,31.5,1020.9,
2020-09-10,20.4,15.0,28.0,2.0,,341.0,5.6,31.5,1017.6,
2020-09-11,23.2,18.0,31.0,0.0,,322.0,7.3,25.9,1014.4,
2020-09-12,23.5,17.0,31.0,0.0,,314.0,7.6,25.9,1017.8,
2020-09-13,23.6,17.0,31.0,0.0,,344.0,7.9,25.9,1022.3,
2020-09-14,22.7,16.0,30.0,0.0,,342.0,8.2,22.2,1023.0,
2020-09-15,23.3,17.0,30.0,0.0,,271.0,5.6,31.5,1021.0,
2020-09-16,24.3,18.0,30.0,0.0,,294.0,5.7,27.8,1018.7,
2020-09-17,24.1,18.0,31.0,0.0,,287.0,4.5,31.5,1016.3,
2020-09-18,22.0,19.0,25.0,11.3,,9.0,4.0,24.1,1016.7,
2020-09-19,22.2,18.0,28.0,0.0,,298.0,5.0,33.3,1014.0,
2020-09-20,22.8,18.0,28.0,0.0,,279.0,9.6,35.2,1014.4,
2020-09-21,20.6,19.0,23.0,6.0,,35.0,5.4,24.1,1016.0,
2020-09-22,20.4,17.0,26.0,0.0,,334.0,5.4,27.8,1014.3,
2020-09-23,21.6,16.0,29.0,0.0,,265.0,7.7,37.0,1011.4,
2020-09-24,21.7,16.0,28.0,0.0,,285.0,11.0,48.2,1010.8,
2020-09-25,18.9,14.0,21.0,0.0,,251.0,25.0,88.9,1010.3,
2020-09-26,16.3,10.0,22.0,0.0,,246.0,14.8,42.6,1011.9,
2020-09-27,14.8,9.0,18.0,0.0,,328.0,9.7,38.9,1008.8,
2020-09-28,16.8,10.0,24.0,0.0,,290.0,8.1,33.3,1014.6,
2020-09-29,17.4,11.0,24.0,0.0,,323.0,5.3,29.6,1018.5,
2020-09-30,17.8,10.0,26.0,0.0,,324.0,5.8,33.3,1015.4,
2020-10-01,19.5,15.0,28.0,0.0,,25.0,6.4,33.3,1008.6,
2020-10-02,16.1,11.0,20.0,0.3,,308.0,8.3,55.5,994.2,
2020-10-03,14.1,9.0,18.0,0.0,,252.0,21.0,75.9,1001.0,
2020-10-04,15.3,9.0,21.0,0.0,,257.0,13.4,57.4,1005.8,
2020-10-05,14.2,8.0,22.0,0.0,,4.0,9.8,29.6,1013.5,
2020-10-06,16.9,9.0,26.0,0.0,,317.0,8.3,46.3,1018.4,
2020-10-07,19.6,15.0,23.0,0.0,,137.0,7.7,29.6,1019.7,
2020-10-08,20.2,17.0,25.0,1.6,,250.0,5.3,35.2,1023.5,
2020-10-09,20.1,15.0,26.0,0.0,,283.0,5.9,29.6,1021.8,
2020-10-10,17.2,4.0,21.0,74.5,,64.0,6.6,27.8,1021.7,
2020-10-11,15.0,10.0,21.0,0.4,,354.0,7.2,33.3,1019.7,
2020-10-12,14.8,8.0,23.0,0.0,,342.0,9.1,35.2,1017.8,
2020-10-13,15.0,10.0,20.0,3.1,,17.0,6.8,27.8,1013.0,
2020-10-14,13.1,9.0,18.0,0.0,,350.0,7.7,25.9,1009.3,
2020-10-15,11.0,6.0,18.0,0.0,,16.0,7.2,29.6,1012.1,
2020-10-16,10.8,4.0,19.0,0.0,,282.0,6.9,35.2,1016.5,
2020-10-17,10.9,4.0,20.0,0.0,,338.0,6.7,33.3,1016.8,
2020-10-18,11.8,5.0,19.0,0.0,,4.0,5.7,31.5,1020.9,
2020-10-19,13.3,7.0,21.0,0.0,,279.0,5.3,27.8,1021.6,
2020-10-20,16.8,12.0,21.0,0.0,,38.0,7.0,40.8,1017.8,
2020-10-21,20.2,17.0,24.0,0.0,,42.0,7.8,37.0,1012.6,
2020-10-22,18.2,15.0,22.0,1.2,,27.0,4.7,37.0,1015.2,
2020-10-23,18.2,14.0,23.0,0.0,,253.0,10.1,42.6,1017.3,
2020-10-24,15.1,8.0,22.0,0.0,,307.0,9.3,44.5,1020.9,
2020-10-25,16.8,13.0,22.0,0.1,,252.0,13.7,55.5,1012.9,
2020-10-26,14.7,10.0,19.0,0.0,,341.0,12.4,33.3,1010.0,
2020-10-27,13.1,8.0,19.0,0.0,,349.0,8.1,29.6,1015.8,
2020-10-28,15.5,10.0,22.0,0.0,,329.0,6.1,33.3,1019.7,
2020-10-29,14.9,9.0,22.0,0.0,,330.0,5.3,27.8,1025.1,
2020-10-30,14.8,9.0,24.0,0.0,,324.0,4.4,27.8,1024.9,
2020-10-31,15.3,7.0,26.0,0.0,,315.0,5.5,33.3,1023.3,
2020-11-01,16.0,9.0,26.0,0.0,,284.0,6.4,31.5,1022.6,
2020-11-02,16.6,10.0,25.0,0.0,,300.0,6.6,38.9,1021.5,
2020-11-03,17.0,14.0,19.0,6.9,,61.0,5.0,22.2,1024.3,
2020-11-04,13.2,10.0,16.0,0.0,,310.0,6.0,35.2,1023.3,
2020-11-05,13.5,8.0,18.0,1.4,,49.0,8.8,50.0,1026.1,
2020-11-06,16.9,15.0,19.0,0.0,,37.0,11.7,50.0,1025.3,
2020-11-07,16.8,13.0,19.0,3.3,,51.0,10.7,50.0,1021.4,
2020-11-08,14.3,9.0,21.0,0.0,,345.0,3.5,24.1,1022.3,
2020-11-09,13.1,7.0,21.0,0.0,,345.0,4.1,24.1,1021.4,
2020-11-10,13.0,8.0,20.0,0.0,,277.0,5.6,27.8,1024.9,
2020-11-11,13.6,8.0,20.0,0.0,,309.0,5.3,35.2,1024.4,
2020-11-12,12.8,9.0,19.0,0.0,,347.0,4.7,24.1,1022.7,
2020-11-13,12.8,8.0,20.0,0.0,,15.0,4.8,27.8,1021.7,
2020-11-14,13.6,8.0,21.0,0.0,,332.0,3.5,25.9,1021.0,
2020-11-15,16.0,11.0,22.0,0.0,,305.0,8.3,44.5,1017.8,
2020-11-16,15.3,13.0,18.0,1.8,,247.0,10.5,22.2,1021.1,
2020-11-17,12.9,8.0,20.0,0.0,,2.0,5.1,25.9,1026.1,
2020-11-18,12.2,8.0,19.0,0.0,,295.0,5.0,25.9,1027.3,
2020-11-19,12.8,7.0,21.0,0.0,,285.0,6.2,27.8,1028.3,
2020-11-20,11.0,6.0,16.0,0.0,,350.0,6.4,29.6,1027.0,
2020-11-21,7.4,2.0,16.0,0.0,,18.0,4.2,29.6,1028.7,
2020-11-22,7.1,1.0,16.0,0.0,,305.0,5.5,27.8,1028.2,
2020-11-23,9.3,4.0,17.0,0.0,,344.0,4.6,27.8,1027.4,
2020-11-24,9.0,2.0,17.0,0.0,,303.0,4.4,29.6,1023.0,
2020-11-25,11.0,6.0,17.0,0.0,,1.0,3.3,22.2,1018.1,
2020-11-26,13.5,10.0,18.0,0.4,,45.0,5.6,44.5,1017.2,
2020-11-27,14.1,4.0,17.0,32.5,,34.0,10.4,53.7,1012.9,
2020-11-28,12.7,11.0,14.0,4.7,,19.0,8.3,59.3,1007.0,
2020-11-29,12.8,8.0,20.0,0.0,,5.0,3.8,35.2,1014.8,
2020-11-30,10.8,6.0,18.0,0.0,,24.0,3.9,27.8,1021.5,
2020-12-01,9.3,5.0,14.0,1.6,,4.0,5.4,29.6,1018.6,
2020-12-02,9.2,3.0,13.0,0.0,,349.0,9.1,29.6,1011.6,
2020-12-03,7.0,2.0,13.0,0.0,,260.0,6.7,33.3,1008.5,
2020-12-04,7.7,3.0,12.0,0.0,,305.0,11.6,46.3,993.2,
2020-12-05,4.9,-1.0,11.0,0.0,,337.0,8.5,31.5,997.8,
2020-12-06,7.1,2.0,12.0,0.0,,280.0,13.1,42.6,1002.2,
2020-12-07,8.1,6.0,12.0,1.6,,256.0,10.3,42.6,1002.4,
2020-12-08,7.4,4.0,11.0,0.0,,248.0,9.2,46.3,1001.8,
2020-12-09,8.2,3.0,13.0,0.0,,347.0,12.0,38.9,1010.0,
2020-12-10,9.0,4.0,14.0,0.7,,338.0,11.4,38.9,1006.6,
2020-12-11,8.3,4.0,14.0,0.3,,14.0,4.2,29.6,1003.8,
2020-12-12,10.8,6.0,16.0,0.0,,350.0,12.4,53.7,1005.6,
2020-12-13,7.8,3.0,14.0,0.0,,353.0,5.8,35.2,1013.8,
2020-12-14,9.3,4.0,15.0,0.0,,21.0,3.0,20.4,1012.9,
2020-12-15,12.6,9.0,18.0,0.0,,285.0,6.2,25.9,1013.7,
2020-12-16,9.4,3.0,17.0,0.0,,350.0,3.7,24.1,1017.2,
2020-12-17,11.1,6.0,16.0,21.0,,34.0,2.4,29.6,1021.6,
2020-12-18,13.3,12.0,14.0,0.2,,357.0,1.6,29.6,1022.3,
2020-12-19,11.4,9.0,16.0,0.0,,268.0,5.0,27.8,1019.7,
2020-12-20,11.5,8.0,16.0,0.0,,10.0,5.7,24.1,1021.7,
2020-12-21,9.8,6.0,15.0,0.0,,340.0,7.0,33.3,1026.4,
2020-12-22,10.2,4.0,18.0,0.0,,305.0,4.3,31.5,1026.1,
2020-12-23,11.5,7.0,16.0,0.0,,267.0,6.4,38.9,1022.3,
2020-12-24,10.5,8.0,13.0,0.0,,351.0,7.4,24.1,1020.7,
2020-12-25,7.7,4.0,12.0,0.0,,296.0,16.0,40.8,1019.4,
2020-12-26,6.2,1.0,12.0,0.0,,268.0,10.8,35.2,1020.8,
2020-12-27,4.5,0.0,9.0,0.0,,270.0,11.1,46.3,1009.5,
2020-12-28,9.2,6.0,12.0,0.0,,252.0,21.2,68.5,993.5,
2020-12-29,8.3,5.0,12.0,0.0,,248.0,14.8,51.8,999.8,
2020-12-30,7.0,3.0,11.0,0.0,,271.0,14.3,42.6,1009.2,
2020-12-31,7.6,3.0,12.0,0.0,,262.0,13.4,46.3,1010.8,
